created_at,entry_id,field1,field2,field3,field4,field5,field6,field7,field8
2018-04-13 23:20:59 UTC,1,25.10,1.00,0.00,0.00,0.00,0.00,24.81,3.15
2018-04-13 23:21:15 UTC,2,25.00,1.00,0.00,0.00,0.00,0.00,24.81,5.18
2018-04-20 18:48:33 UTC,3,26.70,1.00,0.01,0.00,0.00,0.00,25.69,191.80
2018-04-20 18:48:48 UTC,4,26.70,1.00,0.01,0.00,0.00,0.00,25.69,190.91
2018-04-20 18:54:16 UTC,5,26.70,1.00,0.01,0.00,0.00,0.00,25.69,192.27
2018-04-20 19:15:46 UTC,6,26.60,1.00,0.01,0.00,0.00,0.00,25.69,191.87
2018-04-20 19:16:27 UTC,7,26.60,1.00,0.01,0.00,0.36,2.72,25.69,191.66
2018-04-20 19:17:31 UTC,8,26.60,1.00,0.01,0.00,1.12,2.93,25.69,191.45
2018-04-20 21:00:08 UTC,9,12.25,1.00,4.26,0.00,0.47,1.41,-0.38,6.51
2018-04-20 21:10:08 UTC,10,13.32,1.00,4.22,0.00,0.15,0.60,-0.38,6.47
2018-04-20 21:20:08 UTC,11,12.20,1.00,4.16,0.00,0.50,1.10,-0.38,6.45
2018-04-20 21:30:06 UTC,12,11.32,1.00,3.55,0.00,0.62,1.87,-0.38,6.49
2018-04-20 21:40:08 UTC,13,10.90,1.00,2.39,0.00,0.53,1.36,-0.38,6.50
2018-04-20 21:50:08 UTC,14,11.87,1.00,2.64,0.00,0.25,0.99,-0.38,6.50
2018-04-20 22:00:07 UTC,15,12.84,1.00,3.05,0.00,0.22,0.97,-0.38,6.51
2018-04-20 22:10:08 UTC,16,11.91,1.00,2.52,0.00,0.52,1.63,-0.38,6.46
2018-04-20 22:10:08 UTC,17,11.91,1.00,2.52,0.00,0.52,1.63,-0.38,6.46
2018-04-20 22:20:07 UTC,18,11.47,1.00,2.03,0.00,0.20,1.02,-0.38,6.52
2018-04-20 22:30:08 UTC,19,10.91,1.00,1.78,0.00,0.71,1.64,-0.38,6.53
2018-04-20 22:40:06 UTC,20,12.34,1.00,2.76,0.00,0.10,0.58,-0.38,6.52
2018-04-20 22:50:06 UTC,21,12.11,1.00,1.85,0.00,0.30,1.45,-0.38,6.55
2018-04-20 23:00:08 UTC,22,10.65,1.00,1.36,0.00,0.81,1.54,-0.38,6.51
2018-04-20 23:10:06 UTC,23,10.09,1.00,1.04,0.00,1.14,2.18,-0.38,6.55
2018-04-20 23:20:06 UTC,24,9.71,1.00,0.90,0.00,0.94,1.72,-0.38,6.55
2018-04-20 23:30:08 UTC,25,9.52,1.00,0.79,0.00,1.08,1.97,-0.38,6.59
2018-04-20 23:40:05 UTC,26,9.42,1.00,0.68,0.00,0.90,1.94,-0.38,6.55
2018-04-20 23:40:05 UTC,27,9.42,1.00,0.68,0.00,0.90,1.94,-0.38,6.55
2018-04-20 23:50:08 UTC,28,9.41,1.00,0.59,0.00,1.06,2.02,-0.38,6.52
2018-04-21 00:00:07 UTC,29,8.76,1.00,0.48,0.00,0.71,1.67,-0.38,6.55
2018-04-21 00:00:07 UTC,30,8.76,1.00,0.48,0.00,0.71,1.67,-0.38,6.55
2018-04-21 00:10:06 UTC,31,8.95,1.00,0.38,0.00,0.93,1.58,-0.38,6.58
2018-04-21 00:20:08 UTC,32,8.66,1.00,0.29,0.00,0.92,1.56,-0.38,6.53
2018-04-21 00:30:06 UTC,33,8.42,1.01,0.22,0.00,0.73,1.20,-0.38,6.55
2018-04-21 00:40:06 UTC,34,8.33,1.00,0.15,0.00,0.78,1.56,-0.37,6.56
2018-04-21 00:40:06 UTC,35,8.33,1.00,0.15,0.00,0.78,1.56,-0.37,6.56
2018-04-21 00:50:07 UTC,36,8.31,1.00,0.09,0.00,0.70,1.28,-0.38,6.58
2018-04-21 01:00:06 UTC,37,8.25,1.00,0.04,0.00,0.93,1.58,-0.38,6.61
2018-04-21 01:10:06 UTC,38,8.09,1.00,0.01,0.00,0.74,1.84,-0.38,6.57
2018-04-21 01:20:06 UTC,39,7.66,1.01,0.00,0.00,0.46,0.89,-0.38,6.55
2018-04-21 01:30:06 UTC,40,7.35,1.34,0.00,0.00,0.39,0.74,-0.38,6.56
2018-04-21 01:40:07 UTC,41,7.14,2.15,0.00,0.00,0.57,1.61,-0.38,6.58
2018-04-21 01:50:05 UTC,42,7.47,1.54,0.00,0.00,0.81,1.46,-0.38,6.51
2018-04-21 02:00:07 UTC,43,7.23,1.62,0.00,0.00,0.67,1.72,-0.38,6.56
2018-04-21 02:10:06 UTC,44,7.07,1.40,0.00,0.00,0.63,1.10,-0.38,6.55
2018-04-21 02:20:05 UTC,45,6.57,2.73,0.00,0.00,0.34,0.79,-0.38,6.55
2018-04-21 02:30:06 UTC,46,6.30,2.80,0.00,0.00,0.36,0.83,-0.38,6.56
2018-04-21 02:40:06 UTC,47,6.25,2.10,0.00,0.00,0.45,0.89,-0.38,6.50
2018-04-21 02:50:05 UTC,48,6.57,1.03,0.00,0.00,0.48,0.89,-0.38,6.57
2018-04-21 03:00:06 UTC,49,6.07,2.28,0.00,0.00,0.36,1.20,-0.38,6.57
2018-04-21 03:10:06 UTC,50,5.50,5.80,0.00,0.00,0.23,0.94,-0.38,6.53
2018-04-21 03:20:05 UTC,51,5.44,6.31,0.00,0.00,0.25,0.52,-0.38,6.55
2018-04-21 03:30:06 UTC,52,5.38,7.59,0.00,0.00,0.18,0.47,-0.38,6.99
2018-04-21 03:40:06 UTC,53,5.19,9.77,0.00,0.00,0.19,0.61,-0.38,6.80
2018-04-21 03:50:04 UTC,54,5.35,9.33,0.00,0.00,0.21,0.53,-0.38,6.58
2018-04-21 04:00:06 UTC,55,4.72,12.70,0.00,0.00,0.05,0.34,-0.38,6.55
2018-04-21 04:10:06 UTC,56,5.04,10.73,0.00,0.00,0.12,0.39,-0.38,6.49
2018-04-21 04:20:05 UTC,57,4.52,13.66,0.00,0.00,0.21,0.45,-0.38,6.49
2018-04-21 04:30:05 UTC,58,3.59,21.03,0.00,0.00,0.14,0.55,-0.38,6.54
2018-04-21 04:40:06 UTC,59,3.37,20.67,0.00,0.00,0.24,0.52,-0.38,6.51
2018-04-21 04:50:05 UTC,60,3.46,19.49,0.00,0.00,0.04,0.35,-0.38,6.51
2018-04-21 05:00:05 UTC,61,3.31,20.01,0.00,0.00,0.14,0.57,-0.38,6.54
2018-04-21 05:10:04 UTC,62,3.27,18.98,0.00,0.00,0.13,0.43,-0.38,6.54
2018-04-21 05:20:04 UTC,63,3.31,18.85,0.00,0.00,0.11,0.43,-0.38,6.50
2018-04-21 05:30:03 UTC,64,3.04,20.77,0.00,0.00,0.06,0.30,-0.38,6.52
2018-04-21 05:40:04 UTC,65,2.27,26.00,0.00,0.00,0.07,0.32,-0.38,6.50
2018-04-21 05:50:06 UTC,66,2.47,23.63,0.00,0.00,0.01,0.17,-0.38,6.60
2018-04-21 06:00:04 UTC,67,2.17,24.54,0.00,0.00,0.02,0.32,-0.38,6.58
2018-04-21 06:10:04 UTC,68,2.33,23.59,0.00,0.00,0.12,0.48,-0.38,6.52
2018-04-21 06:20:04 UTC,69,1.50,31.22,0.00,0.00,0.01,0.21,-0.37,6.56
2018-04-21 06:30:04 UTC,70,0.85,37.22,0.00,0.00,0.00,0.09,-0.38,6.57
2018-04-21 06:40:06 UTC,71,1.07,35.15,0.00,0.00,0.00,0.09,-0.38,6.54
2018-04-21 06:50:04 UTC,72,1.64,27.96,0.00,0.00,0.09,0.34,-0.38,6.46
2018-04-21 07:00:06 UTC,73,1.39,29.69,0.00,0.00,0.01,0.30,-0.38,6.59
2018-04-21 07:10:05 UTC,74,1.20,32.83,0.00,0.00,0.04,0.27,-0.38,6.54
2018-04-21 07:20:06 UTC,75,1.44,30.49,0.00,0.00,0.02,0.21,-0.38,6.52
2018-04-21 07:30:05 UTC,76,0.80,34.98,0.00,0.00,0.00,0.08,-0.38,6.56
2018-04-21 07:30:05 UTC,77,0.80,34.98,0.00,0.00,0.00,0.08,-0.38,6.56
2018-04-21 07:40:04 UTC,78,0.54,40.66,0.00,0.00,0.00,0.06,-0.38,6.54
2018-04-21 07:50:04 UTC,79,1.04,35.17,0.00,0.00,0.00,0.06,-0.38,6.51
2018-04-21 08:00:05 UTC,80,1.24,32.41,0.00,0.00,0.00,0.03,-0.38,6.54
2018-04-21 08:10:04 UTC,81,1.52,27.33,0.00,0.00,0.00,0.06,-0.38,6.50
2018-04-21 08:20:05 UTC,82,1.49,27.18,0.00,0.00,0.00,0.04,-0.38,6.57
2018-04-21 08:30:04 UTC,83,2.01,30.05,0.00,0.00,0.02,0.17,-0.38,6.52
2018-04-21 08:30:04 UTC,84,2.01,30.05,0.00,0.00,0.02,0.17,-0.38,6.52
2018-04-21 08:40:05 UTC,85,1.89,32.48,0.00,0.00,0.00,0.09,-0.38,6.49
2018-04-21 08:50:05 UTC,86,1.46,37.22,0.00,0.00,0.00,0.09,-0.38,6.49
2018-04-21 09:00:05 UTC,87,1.45,34.06,0.00,0.00,0.00,0.12,-0.38,6.50
2018-04-21 09:00:05 UTC,88,1.45,34.06,0.00,0.00,0.00,0.12,-0.38,6.50
2018-04-21 09:10:03 UTC,89,2.13,27.93,0.00,0.00,0.01,0.17,-0.38,6.91
2018-04-21 09:20:03 UTC,90,2.43,25.22,0.00,0.00,0.03,0.24,-0.38,6.84
2018-04-21 09:30:04 UTC,91,2.27,27.59,0.00,0.00,0.00,0.00,-0.38,7.05
2018-04-21 09:40:04 UTC,92,1.71,31.89,0.00,0.00,0.00,0.06,-0.38,5.97
2018-04-21 09:50:03 UTC,93,2.08,28.24,0.00,0.00,0.00,0.08,-0.38,5.94
2018-04-21 10:00:04 UTC,94,2.54,26.34,0.00,0.00,0.00,0.12,-0.38,6.43
2018-04-21 10:10:04 UTC,95,1.92,33.17,0.00,0.00,0.00,0.06,-0.38,6.51
2018-04-21 10:20:05 UTC,96,1.66,39.38,0.00,0.00,0.00,0.08,-0.38,6.07
2018-04-21 10:30:05 UTC,97,1.39,43.85,0.00,0.00,0.00,0.08,-0.38,5.99
2018-04-21 10:40:04 UTC,98,1.33,44.95,0.00,0.00,0.03,0.24,-0.38,6.44
2018-04-21 10:40:04 UTC,99,1.33,44.95,0.00,0.00,0.03,0.24,-0.38,6.44
2018-04-21 10:50:04 UTC,100,1.26,46.17,0.00,0.00,0.00,0.08,-0.38,6.52
2018-04-21 11:00:04 UTC,101,1.09,47.88,0.00,0.00,0.00,0.03,-0.38,6.16
2018-04-21 11:10:04 UTC,102,0.88,55.53,0.00,0.00,0.00,0.04,-0.38,6.07
2018-04-21 11:20:05 UTC,103,0.76,54.83,0.01,0.00,0.00,0.09,-0.38,6.46
2018-04-21 11:30:06 UTC,104,1.14,46.47,0.04,0.00,0.01,0.12,-0.38,6.53
2018-04-21 11:40:04 UTC,105,1.30,42.71,0.08,0.00,0.00,0.08,-0.38,6.55
2018-04-21 11:50:04 UTC,106,1.65,38.15,0.12,0.00,0.01,0.19,-0.38,6.55
2018-04-21 12:00:04 UTC,107,1.95,34.59,0.20,0.00,0.08,0.53,-0.38,6.47
2018-04-21 12:10:04 UTC,108,2.38,34.76,0.31,0.00,0.16,0.60,-0.38,6.53
2018-04-21 12:20:04 UTC,109,1.65,45.58,0.34,0.00,0.00,0.16,-0.38,6.46
2018-04-21 12:30:04 UTC,110,1.45,48.85,0.42,0.00,0.01,0.11,-0.38,8.02
2018-04-21 12:40:04 UTC,111,2.85,36.47,0.77,0.00,0.00,0.01,-0.38,6.52
2018-04-21 12:50:02 UTC,112,3.80,27.27,0.89,0.00,0.02,0.19,-0.38,6.51
2018-04-21 13:00:04 UTC,113,5.06,22.33,1.12,0.00,0.01,0.17,-0.38,6.58
2018-04-21 13:10:04 UTC,114,6.23,14.37,1.10,0.00,0.01,0.16,-0.38,6.54
2018-04-21 13:20:03 UTC,115,5.79,14.25,1.21,0.00,0.21,0.58,-0.38,6.56
2018-04-21 13:30:04 UTC,116,6.28,12.80,1.52,0.00,0.15,0.50,-0.38,6.54
2018-04-21 13:40:02 UTC,117,6.80,10.62,1.54,0.00,0.22,0.57,-0.38,6.57
2018-04-21 13:50:05 UTC,118,7.15,11.25,1.76,0.00,0.16,0.42,-0.38,6.55
2018-04-21 14:00:03 UTC,119,8.43,6.69,2.09,0.00,0.10,0.48,-0.38,6.57
2018-04-21 14:10:04 UTC,120,10.09,3.07,2.34,0.00,0.01,0.19,-0.38,6.53
2018-04-21 14:20:05 UTC,121,11.37,1.00,1.98,0.00,0.00,0.09,-0.37,6.50
2018-04-21 14:30:03 UTC,122,12.28,1.00,2.88,0.00,0.03,0.32,-0.38,6.57
2018-04-21 14:40:03 UTC,123,10.09,1.03,3.06,0.00,0.11,0.40,-0.37,6.52
2018-04-21 14:50:05 UTC,124,11.23,1.01,3.11,0.00,0.07,0.43,-0.37,6.54
2018-04-21 15:00:03 UTC,125,10.82,1.01,3.78,0.00,0.15,0.61,-0.37,6.51
2018-04-21 15:00:03 UTC,126,10.82,1.01,3.78,0.00,0.15,0.61,-0.37,6.51
2018-04-21 15:10:03 UTC,127,10.97,1.04,3.81,0.00,0.13,0.60,-0.37,6.51
2018-04-21 15:20:03 UTC,128,11.64,1.00,3.81,0.00,0.17,0.50,-0.37,5.86
2018-04-21 15:30:01 UTC,129,11.72,1.00,3.99,0.00,0.16,0.55,-0.37,5.71
2018-04-21 15:40:02 UTC,130,11.81,1.00,4.27,0.00,0.36,1.36,-0.36,5.74
2018-04-21 15:50:02 UTC,131,12.51,1.00,4.90,0.00,0.25,0.96,-0.33,5.67
2018-04-21 16:00:03 UTC,132,12.13,1.14,4.93,0.00,0.38,1.10,-0.32,5.72
2018-04-21 16:00:03 UTC,133,12.13,1.14,4.93,0.00,0.38,1.10,-0.32,5.72
2018-04-21 16:10:04 UTC,134,12.36,1.00,5.16,0.00,0.17,0.58,-0.31,5.65
2018-04-21 16:20:02 UTC,135,13.93,1.00,5.29,0.00,0.16,0.57,-0.32,5.73
2018-04-21 16:30:03 UTC,136,14.25,1.00,5.22,0.00,0.04,0.37,-0.33,5.72
2018-04-21 16:40:03 UTC,137,13.92,1.00,5.31,0.00,0.10,0.73,-0.31,5.70
2018-04-21 16:50:03 UTC,138,13.95,1.00,5.48,0.00,0.18,0.53,-0.31,5.66
2018-04-21 17:00:05 UTC,139,14.85,1.00,5.71,0.00,0.14,0.65,-0.31,5.68
2018-04-21 17:10:03 UTC,140,15.38,1.00,5.49,0.00,0.08,0.58,-0.31,5.68
2018-04-21 17:20:04 UTC,141,15.23,1.00,5.77,0.00,0.15,0.71,-0.31,5.17
2018-04-21 17:30:02 UTC,142,14.25,1.00,5.87,0.00,0.13,0.60,-0.31,4.93
2018-04-21 17:40:03 UTC,143,15.99,1.00,5.96,0.00,0.11,0.97,-0.31,4.96
2018-04-21 17:40:03 UTC,144,15.99,1.00,5.96,0.00,0.11,0.97,-0.31,4.96
2018-04-21 17:50:01 UTC,145,15.79,1.00,6.00,0.00,0.12,0.68,-0.31,4.93
2018-04-21 18:00:05 UTC,146,13.79,1.00,6.04,0.00,0.21,0.76,-0.31,4.92
2018-04-21 18:10:02 UTC,147,14.88,1.00,6.06,0.00,0.18,0.73,-0.31,4.98
2018-04-21 18:10:02 UTC,148,14.88,1.00,6.06,0.00,0.18,0.73,-0.31,4.98
2018-04-21 18:20:03 UTC,149,14.64,1.00,5.85,0.00,0.22,0.78,-0.31,4.96
2018-04-21 18:20:03 UTC,150,14.64,1.00,5.85,0.00,0.22,0.78,-0.31,4.96
2018-04-21 18:30:02 UTC,151,16.48,1.00,6.37,0.00,0.22,1.04,-0.31,4.93
2018-04-21 18:40:03 UTC,152,13.47,1.00,5.25,0.00,0.48,1.28,-0.31,5.48
2018-04-21 18:50:02 UTC,153,14.86,1.00,6.27,0.00,0.22,0.74,-0.31,5.10
2018-04-21 19:00:03 UTC,154,13.53,1.00,4.73,0.00,0.34,0.91,-0.33,5.38
2018-04-21 19:10:02 UTC,155,15.20,1.00,5.81,0.00,0.42,1.23,-0.32,5.76
2018-04-21 19:20:02 UTC,156,14.79,1.00,6.01,0.00,0.37,1.20,-0.31,5.64
2018-04-21 19:30:03 UTC,157,16.11,1.00,5.97,0.00,0.42,2.16,-0.31,5.73
2018-04-21 19:40:03 UTC,158,14.58,1.00,5.82,0.00,1.19,3.36,-0.33,5.68
2018-04-21 19:50:03 UTC,159,15.03,1.00,5.60,0.00,0.79,2.80,-0.36,5.70
2018-04-21 20:00:02 UTC,160,15.13,1.00,5.44,0.00,1.16,3.36,-0.37,5.71
2018-04-21 20:10:01 UTC,161,14.57,1.00,5.30,0.00,1.27,3.14,-0.38,5.73
2018-04-21 20:20:04 UTC,162,14.30,1.00,5.19,0.00,1.34,2.47,-0.38,5.78
2018-04-21 20:20:03 UTC,163,14.30,1.00,5.19,0.00,1.34,2.47,-0.38,5.78
2018-04-21 20:30:01 UTC,164,14.44,1.00,5.03,0.00,0.89,2.25,-0.38,5.68
2018-04-21 20:40:02 UTC,165,14.95,1.00,4.85,0.00,1.17,2.47,-0.38,5.73
2018-04-21 20:50:03 UTC,166,15.06,1.00,4.70,0.00,1.11,2.61,-0.37,5.78
2018-04-21 21:00:02 UTC,167,14.94,1.00,4.50,0.00,0.86,2.72,-0.34,5.71
2018-04-21 21:10:00 UTC,168,14.85,1.00,4.30,0.00,0.59,1.48,-0.31,5.68
2018-04-21 21:20:02 UTC,169,14.44,1.00,4.13,0.00,0.55,1.20,-0.31,5.68
2018-04-21 21:30:01 UTC,170,15.90,1.00,3.96,0.00,0.15,1.22,-0.31,5.73
2018-04-21 21:30:01 UTC,171,15.90,1.00,3.96,0.00,0.15,1.22,-0.31,5.73
2018-04-21 21:40:02 UTC,172,15.39,1.00,3.76,0.00,0.58,1.25,-0.31,5.72
2018-04-21 21:50:00 UTC,173,15.26,1.00,3.57,0.00,0.91,2.21,-0.32,5.73
2018-04-21 22:00:02 UTC,174,15.01,1.00,3.38,0.00,0.42,1.58,-0.32,5.68
2018-04-21 22:10:03 UTC,175,14.64,1.00,3.16,0.00,0.69,1.95,-0.32,5.77
2018-04-21 22:20:01 UTC,176,14.77,1.00,2.95,0.00,0.41,1.07,-0.32,5.72
2018-04-21 22:30:01 UTC,177,16.08,1.00,2.72,0.00,0.12,0.60,-0.31,5.75
2018-04-21 22:30:01 UTC,178,16.08,1.00,2.72,0.00,0.12,0.60,-0.31,5.75
2018-04-21 22:40:00 UTC,179,15.74,1.00,2.51,0.00,0.48,1.02,-0.31,5.76
2018-04-21 22:50:00 UTC,180,15.53,1.00,2.29,0.00,0.32,0.94,-0.32,5.70
2018-04-21 23:00:01 UTC,181,15.46,1.00,2.09,0.00,0.15,0.71,-0.33,5.75
2018-04-21 23:10:03 UTC,182,15.11,1.00,1.89,0.00,0.08,0.48,-0.35,5.77
2018-04-21 23:20:01 UTC,183,15.24,1.00,1.69,0.00,0.14,0.94,-0.37,5.75
2018-04-21 23:30:00 UTC,184,17.13,1.00,1.47,0.00,0.00,0.08,-0.37,5.75
2018-04-21 23:40:00 UTC,185,15.92,1.00,1.26,0.00,0.16,0.83,-0.37,5.75
2018-04-21 23:50:01 UTC,186,14.40,1.00,1.05,0.00,0.39,1.10,-0.37,5.72
2018-04-21 23:59:59 UTC,187,14.16,1.00,0.85,0.00,0.73,1.98,-0.35,5.79
2018-04-22 00:10:00 UTC,188,13.44,1.00,0.67,0.00,1.15,2.05,-0.31,5.77
2018-04-22 00:20:01 UTC,189,12.87,1.00,0.48,0.00,0.84,1.72,-0.33,5.89
2018-04-22 00:30:00 UTC,190,12.63,1.00,0.30,0.00,0.71,1.59,-0.32,5.79
2018-04-22 00:40:01 UTC,191,12.86,1.00,0.18,0.00,0.74,1.66,-0.33,5.83
2018-04-22 00:40:01 UTC,192,12.86,1.00,0.18,0.00,0.74,1.66,-0.33,5.83
2018-04-22 00:50:00 UTC,193,12.33,1.00,0.11,0.00,0.84,1.69,-0.31,5.83
2018-04-22 01:00:00 UTC,194,11.98,1.00,0.07,0.00,0.33,1.09,-0.37,5.89
2018-04-22 01:10:01 UTC,195,11.73,1.00,0.03,0.00,0.42,1.19,-0.36,6.23
2018-04-22 01:19:59 UTC,196,10.83,1.00,0.01,0.00,0.71,1.48,-0.37,5.98
2018-04-22 01:30:00 UTC,197,10.68,1.00,0.00,0.00,0.45,0.71,-0.38,6.56
2018-04-22 01:39:59 UTC,198,10.43,1.02,0.00,0.00,0.28,0.83,-0.38,6.58
2018-04-22 01:50:00 UTC,199,9.09,2.10,0.00,0.00,0.24,0.73,-0.38,6.54
2018-04-22 01:59:59 UTC,200,9.12,1.00,0.00,0.00,0.29,0.65,-0.38,6.45
2018-04-22 02:10:00 UTC,201,9.17,1.07,0.00,0.00,0.17,0.43,-0.38,6.01
2018-04-22 02:19:59 UTC,202,8.35,1.50,0.00,0.00,0.11,0.32,-0.38,5.80
2018-04-22 02:29:59 UTC,203,7.77,2.71,0.00,0.00,0.10,0.39,-0.38,5.81
2018-04-22 02:40:00 UTC,204,7.02,3.82,0.00,0.00,0.02,0.30,-0.37,5.77
2018-04-22 02:50:00 UTC,205,7.20,2.53,0.00,0.00,0.02,0.22,-0.38,5.77
2018-04-22 03:00:00 UTC,206,6.80,7.52,0.00,0.00,0.13,0.60,-0.38,5.78
2018-04-22 03:09:59 UTC,207,7.01,7.27,0.00,0.00,0.06,0.43,-0.38,5.86
2018-04-22 03:19:59 UTC,208,6.74,6.87,0.00,0.00,0.04,0.35,-0.38,6.45
2018-04-22 03:29:59 UTC,209,7.21,7.79,0.00,0.00,0.02,0.21,-0.38,6.53
2018-04-22 03:39:59 UTC,210,8.02,13.41,0.00,0.00,0.36,1.01,-0.37,6.45
2018-04-22 03:49:59 UTC,211,8.85,12.80,0.00,0.00,0.43,1.25,-0.37,6.10
2018-04-22 04:00:00 UTC,212,9.17,12.60,0.00,0.00,0.57,1.17,-0.36,6.01
2018-04-22 04:09:59 UTC,213,8.76,13.07,0.00,0.00,0.51,1.05,-0.37,6.50
2018-04-22 04:20:00 UTC,214,8.02,15.73,0.00,0.00,0.30,0.68,-0.38,6.53
2018-04-22 04:29:59 UTC,215,8.18,16.93,0.00,0.00,0.45,0.88,-0.38,6.55
2018-04-22 04:39:58 UTC,216,8.05,17.06,0.00,0.00,0.14,1.30,-0.37,6.60
2018-04-22 04:49:58 UTC,217,7.10,20.49,0.00,0.00,0.37,0.88,-0.37,6.55
2018-04-22 04:59:58 UTC,218,7.87,17.94,0.00,0.00,0.18,0.58,-0.38,6.54
2018-04-22 05:09:59 UTC,219,7.01,20.95,0.00,0.00,0.40,1.07,-0.37,6.56
2018-04-22 05:09:59 UTC,220,7.01,20.95,0.00,0.00,0.40,1.07,-0.37,6.56
2018-04-22 05:19:58 UTC,221,7.79,18.63,0.00,0.00,0.72,1.20,-0.35,6.56
2018-04-22 05:29:59 UTC,222,7.85,18.70,0.00,0.00,0.44,1.12,-0.37,6.52
2018-04-22 05:39:58 UTC,223,8.20,17.37,0.00,0.00,0.60,1.04,-0.36,6.50
2018-04-22 05:49:59 UTC,224,8.07,17.02,0.00,0.00,0.52,1.27,-0.37,6.56
2018-04-22 06:00:00 UTC,225,7.10,20.12,0.00,0.00,0.31,0.61,-0.38,6.57
2018-04-22 06:10:00 UTC,226,5.05,30.72,0.00,0.00,0.27,0.48,-0.38,6.52
2018-04-22 06:20:00 UTC,227,4.31,39.59,0.00,0.00,0.10,0.47,-0.38,6.42
2018-04-22 06:30:00 UTC,228,4.34,38.39,0.00,0.00,0.00,0.01,-0.38,6.39
2018-04-22 06:39:58 UTC,229,4.18,41.11,0.00,0.00,0.00,0.01,-0.38,6.29
2018-04-22 06:49:58 UTC,230,3.88,44.95,0.00,0.00,0.00,0.09,-0.38,6.50
2018-04-22 06:59:58 UTC,231,4.09,41.22,0.00,0.00,0.01,0.16,-0.38,6.44
2018-04-22 07:09:58 UTC,232,4.46,35.48,0.00,0.00,0.06,0.27,-0.38,6.58
2018-04-22 07:19:58 UTC,233,4.64,32.54,0.00,0.00,0.08,0.35,-0.38,7.15
2018-04-22 07:29:58 UTC,234,3.91,38.93,0.00,0.00,0.00,0.08,-0.38,7.39
2018-04-22 07:39:59 UTC,235,3.72,41.78,0.00,0.00,0.05,0.32,-0.38,7.89
2018-04-22 07:49:59 UTC,236,2.93,51.88,0.00,0.00,0.02,0.21,-0.38,7.97
2018-04-22 07:59:59 UTC,237,2.53,60.73,0.00,0.00,0.04,0.39,-0.38,8.30
2018-04-22 07:59:59 UTC,238,2.53,60.73,0.00,0.00,0.04,0.39,-0.38,8.30
2018-04-22 08:09:59 UTC,239,2.68,59.07,0.00,0.00,0.02,0.26,-0.38,8.86
2018-04-22 08:19:59 UTC,240,1.88,70.98,0.00,0.00,0.00,0.03,-0.38,12.37
2018-04-22 08:29:57 UTC,241,1.99,75.60,0.00,0.00,0.00,0.01,-0.38,10.50
2018-04-22 08:39:59 UTC,242,2.29,69.47,0.00,0.00,0.00,0.01,-0.38,10.02
2018-04-22 08:49:58 UTC,243,2.75,57.82,0.00,0.00,0.22,0.47,-0.38,9.46
2018-04-22 08:59:58 UTC,244,2.36,63.89,0.00,0.00,0.07,0.26,-0.38,9.56
2018-04-22 09:09:58 UTC,245,2.59,61.35,0.00,0.00,0.10,0.58,-0.38,9.49
2018-04-22 09:19:58 UTC,246,3.11,54.72,0.00,0.00,0.02,0.17,-0.38,9.47
2018-04-22 09:29:57 UTC,247,3.04,56.20,0.00,0.00,0.00,0.03,-0.38,10.22
2018-04-22 09:39:57 UTC,248,2.58,62.63,0.00,0.00,0.00,0.00,-0.38,10.24
2018-04-22 09:49:57 UTC,249,1.97,73.49,0.00,0.00,0.00,0.03,-0.37,10.21
2018-04-22 09:59:58 UTC,250,1.59,79.76,0.00,0.00,0.00,0.04,-0.38,10.97
2018-04-22 10:09:58 UTC,251,1.50,87.39,0.00,0.00,0.00,0.19,-0.38,10.61
2018-04-22 10:19:58 UTC,252,1.84,78.59,0.00,0.00,0.00,0.08,-0.38,10.16
2018-04-22 10:19:58 UTC,253,1.84,78.59,0.00,0.00,0.00,0.08,-0.38,10.16
2018-04-22 10:29:57 UTC,254,2.42,68.85,0.00,0.00,0.13,0.39,-0.38,10.96
2018-04-22 10:39:57 UTC,255,1.69,78.42,0.00,0.00,0.09,0.34,-0.38,11.93
2018-04-22 10:49:58 UTC,256,1.30,93.89,0.00,0.00,0.03,0.19,-0.38,12.34
2018-04-22 10:49:58 UTC,257,1.30,93.89,0.00,0.00,0.03,0.19,-0.38,12.34
2018-04-22 10:59:59 UTC,258,2.11,85.00,0.00,0.00,0.03,0.19,-0.38,11.00
2018-04-22 11:09:58 UTC,259,2.01,85.91,0.01,0.00,0.00,0.17,-0.38,10.96
2018-04-22 11:19:57 UTC,260,1.75,83.55,0.02,0.00,0.03,0.26,-0.38,11.00
2018-04-22 11:29:58 UTC,261,1.62,91.27,0.05,0.00,0.05,0.26,-0.38,11.26
2018-04-22 11:39:58 UTC,262,1.89,83.53,0.08,0.00,0.01,0.17,-0.38,12.41
2018-04-22 11:49:58 UTC,263,2.20,76.31,0.12,0.00,0.03,0.24,-0.38,13.87
2018-04-22 11:59:57 UTC,264,2.03,77.42,0.19,0.00,0.02,0.24,-0.38,11.61
2018-04-22 12:09:57 UTC,265,3.16,65.39,0.36,0.00,0.00,0.12,-0.38,11.32
2018-04-22 12:19:58 UTC,266,5.58,35.48,0.54,0.00,0.00,0.00,-0.38,10.99
2018-04-22 12:29:57 UTC,267,6.54,29.41,0.75,0.00,0.00,0.00,-0.37,10.73
2018-04-22 12:39:57 UTC,268,6.49,28.90,0.97,0.00,0.00,0.03,-0.36,10.24
2018-04-22 12:49:57 UTC,269,7.64,25.23,1.18,0.00,0.01,0.11,-0.32,10.30
2018-04-22 12:59:57 UTC,270,6.94,29.43,1.38,0.00,0.03,0.22,-0.31,10.27
2018-04-22 13:09:58 UTC,271,8.77,22.29,1.54,0.00,0.01,0.14,-0.31,9.65
2018-04-22 13:19:57 UTC,272,9.86,17.57,1.73,0.00,0.00,0.11,-0.31,9.33
2018-04-22 13:29:58 UTC,273,10.37,15.25,2.01,0.00,0.03,0.32,-0.27,7.87
2018-04-22 13:39:57 UTC,274,9.14,17.91,2.19,0.00,0.18,0.42,-0.23,5.84
2018-04-22 13:49:57 UTC,275,9.50,17.79,2.43,0.00,0.14,0.42,-0.19,5.72
2018-04-22 13:59:57 UTC,276,10.52,15.31,2.46,0.00,0.12,0.34,-0.19,5.07
2018-04-22 14:09:57 UTC,277,10.95,14.32,2.49,0.00,0.16,0.58,-0.20,5.07
2018-04-22 14:19:58 UTC,278,11.36,13.84,1.91,0.00,0.29,0.83,-0.19,5.07
2018-04-22 14:29:57 UTC,279,11.57,13.80,3.36,0.00,0.37,0.86,-0.20,5.03
2018-04-22 14:39:58 UTC,280,11.64,12.13,3.77,0.00,0.43,1.17,2.06,5.06
2018-04-22 14:39:58 UTC,281,11.64,12.13,3.77,0.00,0.43,1.17,2.06,5.06
2018-04-22 14:49:58 UTC,282,12.50,11.21,4.01,0.00,0.48,1.30,-0.04,5.08
2018-04-22 14:59:57 UTC,283,12.71,7.16,4.36,0.00,0.72,1.51,-0.01,5.01
2018-04-22 15:09:58 UTC,284,13.20,7.56,4.60,0.00,0.43,1.27,-0.02,5.03
2018-04-22 15:19:58 UTC,285,13.56,6.48,4.83,0.00,0.52,1.40,0.17,4.97
2018-04-22 15:29:56 UTC,286,13.58,6.33,5.04,0.00,0.48,1.04,0.18,4.31
2018-04-22 15:39:59 UTC,287,13.80,5.56,5.25,0.00,0.65,1.72,0.46,4.26
2018-04-22 15:49:57 UTC,288,13.96,5.15,5.45,0.00,0.66,1.66,1.26,4.26
2018-04-22 15:59:57 UTC,289,14.34,2.77,5.64,0.00,0.35,1.14,0.12,4.26
2018-04-22 16:09:56 UTC,290,13.88,4.45,5.80,0.00,0.76,1.71,0.04,4.21
2018-04-22 16:19:56 UTC,291,13.52,6.64,5.95,0.00,0.66,2.25,0.12,4.20
2018-04-22 16:29:56 UTC,292,14.31,4.42,6.13,0.00,0.77,1.61,-16.90,4.24
2018-04-22 16:39:56 UTC,293,14.02,4.23,6.23,0.00,0.74,1.66,-16.65,4.24
2018-04-22 16:49:56 UTC,294,14.69,2.86,6.33,0.00,0.67,2.12,0.09,3.93
2018-04-22 16:59:56 UTC,295,14.72,2.62,6.40,0.00,1.07,2.26,0.06,4.12
2018-04-22 16:59:56 UTC,296,14.72,2.62,6.40,0.00,1.07,2.26,0.06,4.12
2018-04-22 17:09:56 UTC,297,14.55,2.68,6.46,0.00,1.27,2.46,0.08,3.91
2018-04-22 17:19:55 UTC,298,14.64,3.62,6.48,0.00,1.29,2.61,0.18,3.58
2018-04-22 17:29:57 UTC,299,14.76,2.37,6.50,0.00,0.80,2.02,4.58,3.47
2018-04-22 17:39:56 UTC,300,14.57,4.57,6.49,0.00,1.21,2.16,0.08,3.47
2018-04-22 17:49:56 UTC,301,14.65,3.71,6.49,0.00,0.61,1.74,0.04,3.22
2018-04-22 17:59:57 UTC,302,15.95,1.44,6.48,0.00,0.19,1.05,-0.02,3.04
2018-04-22 18:09:55 UTC,303,15.51,2.18,6.42,0.00,0.74,2.02,0.21,3.45
2018-04-22 18:19:57 UTC,304,15.55,2.03,6.31,0.00,0.41,1.30,0.44,2.82
2018-04-22 18:29:55 UTC,305,15.51,2.69,6.22,0.00,0.53,1.81,0.29,2.75
2018-04-22 18:39:57 UTC,306,15.06,5.56,6.11,0.00,1.25,2.51,0.18,3.25
2018-04-22 18:49:57 UTC,307,15.20,3.53,5.96,0.00,0.73,1.92,2.74,3.45
2018-04-22 18:59:56 UTC,308,15.54,2.78,5.83,0.00,0.87,2.34,-0.05,3.48
2018-04-22 19:09:55 UTC,309,15.29,3.22,5.66,0.00,1.25,2.28,-0.03,4.20
2018-04-22 19:19:55 UTC,310,15.74,3.67,5.46,0.00,1.23,2.26,0.28,4.22
2018-04-22 19:29:56 UTC,311,16.17,2.25,5.25,0.00,0.88,2.38,0.05,4.19
2018-04-22 19:39:55 UTC,312,16.48,2.25,4.99,0.00,1.42,3.13,0.37,4.17
2018-04-22 19:49:57 UTC,313,16.35,1.79,4.72,0.00,1.43,2.69,0.15,4.21
2018-04-22 19:59:56 UTC,314,16.25,1.97,4.56,0.00,1.12,2.52,1.24,4.64
2018-04-22 20:09:57 UTC,315,16.38,1.65,4.32,0.00,0.99,2.74,0.18,4.92
2018-04-22 20:19:56 UTC,316,16.58,1.84,4.04,0.00,1.42,3.75,1.59,4.92
2018-04-22 20:29:55 UTC,317,16.80,1.72,3.70,0.00,1.03,2.57,0.50,4.98
2018-04-22 20:39:57 UTC,318,16.51,2.96,3.42,0.00,0.97,2.57,0.81,4.95
2018-04-22 20:49:56 UTC,319,16.79,3.02,3.21,0.00,1.23,2.62,6.69,4.92
2018-04-22 20:59:55 UTC,320,16.70,2.06,3.04,0.00,1.04,2.15,3.25,4.92
2018-04-22 21:09:57 UTC,321,16.72,1.35,3.04,0.00,1.01,2.25,3.78,4.36
2018-04-22 21:19:56 UTC,322,17.35,1.47,3.06,0.00,0.74,1.72,9.15,3.97
2018-04-22 21:29:56 UTC,323,16.88,1.68,2.75,0.00,1.57,3.40,10.17,3.47
2018-04-22 21:39:57 UTC,324,16.91,2.17,2.44,0.00,1.35,3.09,14.20,3.49
2018-04-22 21:49:54 UTC,325,17.16,1.53,2.13,0.00,1.15,3.39,5.72,3.42
2018-04-22 21:59:57 UTC,326,16.86,2.15,1.79,0.00,1.31,3.13,10.35,3.48
2018-04-22 22:09:54 UTC,327,16.82,1.49,1.49,0.00,1.90,3.49,9.46,3.46
2018-04-22 22:19:55 UTC,328,16.91,2.43,1.26,0.00,1.34,3.05,18.46,3.50
2018-04-22 22:29:57 UTC,329,17.09,2.57,1.06,0.00,1.00,2.41,-6.98,3.40
2018-04-22 22:39:54 UTC,330,17.02,2.48,0.88,0.00,1.16,2.87,10.34,3.37
2018-04-22 22:49:55 UTC,331,16.95,2.94,0.67,0.00,0.91,2.16,18.94,2.69
2018-04-22 22:59:56 UTC,332,16.80,2.77,0.48,0.00,0.90,2.57,10.32,2.72
2018-04-22 23:09:55 UTC,333,16.86,2.04,0.32,0.00,1.30,2.29,14.78,3.50
2018-04-22 23:19:57 UTC,334,16.73,3.07,0.32,0.00,0.82,1.66,9.84,3.46
2018-04-22 23:29:55 UTC,335,16.58,3.42,0.31,0.00,0.82,1.54,11.87,3.45
2018-04-22 23:39:55 UTC,336,16.60,2.50,0.28,0.00,1.35,2.56,12.26,3.55
2018-04-22 23:49:54 UTC,337,16.48,2.78,0.25,0.00,1.27,2.28,9.91,3.55
2018-04-22 23:59:53 UTC,338,16.04,4.66,0.24,0.00,0.88,1.92,8.96,3.56
2018-04-23 00:09:53 UTC,339,15.75,4.52,0.22,0.00,1.05,2.10,8.01,3.52
2018-04-23 00:19:55 UTC,340,15.47,5.57,0.19,0.00,0.78,1.25,6.57,3.56
2018-04-23 00:29:53 UTC,341,15.13,5.73,0.16,0.00,0.90,1.50,5.73,4.10
2018-04-23 00:39:54 UTC,342,14.81,6.36,0.13,0.00,0.78,1.66,5.12,4.32
2018-04-23 00:49:55 UTC,343,14.33,7.18,0.09,0.00,0.87,1.53,4.53,4.34
2018-04-23 00:59:54 UTC,344,14.02,8.04,0.05,0.00,0.76,1.53,10.32,4.38
2018-04-23 01:09:53 UTC,345,13.47,8.58,0.02,0.00,0.47,0.96,2.41,5.07
2018-04-23 01:19:56 UTC,346,13.41,8.19,0.01,0.00,0.50,1.07,1.80,5.07
2018-04-23 01:19:56 UTC,347,13.41,8.19,0.01,0.00,0.50,1.07,1.80,5.07
2018-04-23 01:29:53 UTC,348,13.13,8.92,0.00,0.00,0.44,1.07,1.12,5.09
2018-04-23 01:29:53 UTC,349,13.13,8.92,0.00,0.00,0.44,1.07,1.12,5.09
2018-04-23 01:39:54 UTC,350,12.96,9.58,0.00,0.00,0.52,1.22,0.87,5.05
2018-04-23 01:49:54 UTC,351,12.60,11.41,0.00,0.00,0.55,1.01,2.23,5.08
2018-04-23 01:59:53 UTC,352,12.74,10.69,0.00,0.00,0.48,1.25,1.91,5.08
2018-04-23 02:09:54 UTC,353,12.77,10.80,0.00,0.00,0.49,1.19,9.26,5.12
2018-04-23 02:19:55 UTC,354,12.51,11.43,0.00,0.00,0.40,0.96,2.49,5.51
2018-04-23 02:29:52 UTC,355,12.06,13.46,0.00,0.00,0.24,0.60,-0.53,5.82
2018-04-23 02:39:54 UTC,356,11.43,15.69,0.00,0.00,0.17,0.45,-0.73,5.79
2018-04-23 02:49:53 UTC,357,11.45,15.74,0.00,0.00,0.14,0.63,-0.95,6.03
2018-04-23 02:59:52 UTC,358,11.12,17.07,0.00,0.00,0.11,0.52,-1.03,6.55
2018-04-23 02:59:52 UTC,359,11.12,17.07,0.00,0.00,0.11,0.52,-1.03,6.55
2018-04-23 03:09:53 UTC,360,10.45,19.45,0.00,0.00,0.01,0.24,-0.91,6.37
2018-04-23 03:19:54 UTC,361,9.69,24.31,0.00,0.00,0.03,0.27,-0.80,6.55
2018-04-23 03:29:53 UTC,362,8.53,34.53,0.00,0.00,0.09,0.42,-0.53,6.10
2018-04-23 03:39:54 UTC,363,8.09,39.53,0.00,0.00,0.15,0.52,-0.53,5.77
2018-04-23 03:49:53 UTC,364,9.04,30.90,0.00,0.00,0.24,0.65,-0.39,5.80
2018-04-23 03:59:53 UTC,365,8.49,33.84,0.00,0.00,0.19,0.65,-0.44,5.79
2018-04-23 04:09:54 UTC,366,8.75,28.00,0.00,0.00,0.46,0.91,0.13,5.79
2018-04-23 04:19:52 UTC,367,8.88,26.69,0.00,0.00,0.40,0.74,-0.07,5.78
2018-04-23 04:29:55 UTC,368,9.59,22.57,0.00,0.00,0.38,0.74,-0.17,5.81
2018-04-23 04:39:54 UTC,369,8.93,25.43,0.00,0.00,0.41,0.71,2.05,5.80
2018-04-23 04:49:52 UTC,370,8.08,29.87,0.00,0.00,0.33,0.65,-0.41,5.83
2018-04-23 04:59:54 UTC,371,8.58,26.30,0.00,0.00,0.26,0.58,-0.41,5.80
2018-04-23 05:09:52 UTC,372,7.65,31.03,0.00,0.00,0.19,0.52,-0.49,5.80
2018-04-23 05:19:53 UTC,373,8.10,27.65,0.00,0.00,0.25,0.57,-0.53,5.85
2018-04-23 05:29:53 UTC,374,8.14,27.52,0.00,0.00,0.26,0.58,-0.59,5.82
2018-04-23 05:39:53 UTC,375,7.10,34.01,0.00,0.00,0.01,0.22,-0.74,5.77
2018-04-23 05:49:54 UTC,376,6.98,34.39,0.00,0.00,0.01,0.22,-0.75,5.80
2018-04-23 05:49:54 UTC,377,6.98,34.39,0.00,0.00,0.01,0.22,-0.75,5.80
2018-04-23 05:59:53 UTC,378,6.79,34.96,0.00,0.00,0.02,0.27,-0.81,5.78
2018-04-23 06:09:52 UTC,379,6.72,35.31,0.00,0.00,0.12,0.50,-0.76,5.78
2018-04-23 06:19:52 UTC,380,5.85,51.51,0.00,0.00,0.00,0.09,-0.85,6.10
2018-04-23 06:29:52 UTC,381,5.69,56.26,0.00,0.00,0.00,0.11,-0.91,7.11
2018-04-23 06:39:54 UTC,382,5.48,54.95,0.00,0.00,0.01,0.22,-0.92,8.29
2018-04-23 06:49:53 UTC,383,5.45,54.81,0.00,0.00,0.02,0.34,-0.94,9.36
2018-04-23 06:59:52 UTC,384,4.86,66.31,0.00,0.00,0.00,0.06,-1.00,10.07
2018-04-23 07:09:52 UTC,385,4.71,71.04,0.00,0.00,0.00,0.08,-1.01,10.31
2018-04-23 07:19:53 UTC,386,4.27,81.81,0.00,0.00,0.01,0.14,-1.04,10.92
2018-04-23 07:29:53 UTC,387,5.01,65.38,0.00,0.00,0.01,0.19,-1.02,11.48
2018-04-23 07:39:51 UTC,388,5.02,64.15,0.00,0.00,0.03,0.29,-1.03,11.97
2018-04-23 07:49:52 UTC,389,4.98,65.46,0.00,0.00,0.02,0.27,-1.00,12.53
2018-04-23 07:59:51 UTC,390,5.09,65.30,0.00,0.00,0.01,0.14,-1.06,13.14
2018-04-23 08:09:53 UTC,391,4.89,66.72,0.00,0.00,0.03,0.40,-1.04,16.26
2018-04-23 08:19:52 UTC,392,4.74,70.78,0.00,0.00,0.05,0.37,-1.04,19.77
2018-04-23 08:29:52 UTC,393,4.53,74.27,0.00,0.00,0.02,0.27,-1.10,21.19
2018-04-23 08:39:52 UTC,394,4.55,76.96,0.00,0.00,0.01,0.14,-1.00,23.01
2018-04-23 08:49:52 UTC,395,3.99,84.68,0.00,0.00,0.00,0.08,-1.08,22.61
2018-04-23 08:59:53 UTC,396,3.59,89.69,0.00,0.00,0.01,0.21,-1.18,25.78
2018-04-23 09:09:52 UTC,397,3.36,93.29,0.00,0.00,0.01,0.17,-1.17,25.86
2018-04-23 09:19:51 UTC,398,2.96,98.86,0.00,0.00,0.01,0.17,-1.20,27.81
2018-04-23 09:19:51 UTC,399,2.96,98.86,0.00,0.00,0.01,0.17,-1.20,27.81
2018-04-23 09:29:51 UTC,400,3.89,93.12,0.00,0.00,0.01,0.11,-1.21,29.41
2018-04-23 09:39:51 UTC,401,4.31,88.78,0.00,0.00,0.03,0.29,-1.12,28.62
2018-04-23 09:49:52 UTC,402,4.30,88.01,0.00,0.00,0.00,0.17,-1.16,29.64
2018-04-23 09:59:52 UTC,403,4.22,92.22,0.00,0.00,0.01,0.17,-1.17,31.20
2018-04-23 10:09:51 UTC,404,4.58,85.07,0.00,0.00,0.01,0.17,-1.19,33.15
2018-04-23 10:19:51 UTC,405,4.48,85.97,0.00,0.00,0.01,0.21,-1.23,35.08
2018-04-23 10:29:52 UTC,406,4.22,92.71,0.00,0.00,0.01,0.29,-1.25,37.50
2018-04-23 10:39:52 UTC,407,4.69,86.59,0.00,0.00,0.01,0.32,-1.26,39.69
2018-04-23 10:49:52 UTC,408,4.72,85.23,0.00,0.00,0.00,0.14,-1.25,41.23
2018-04-23 10:59:50 UTC,409,4.85,81.11,0.00,0.00,0.02,0.47,-1.25,43.16
2018-04-23 11:09:50 UTC,410,4.90,76.08,0.01,0.00,0.08,0.55,-1.21,43.53
2018-04-23 11:19:51 UTC,411,5.00,71.89,0.03,0.00,0.05,0.34,-1.14,42.39
2018-04-23 11:29:50 UTC,412,4.96,74.22,0.07,0.00,0.01,0.32,-1.16,46.14
2018-04-23 11:39:52 UTC,413,5.14,70.56,0.17,0.00,0.00,0.12,-0.99,44.16
2018-04-23 11:49:52 UTC,414,5.50,61.35,0.22,0.00,0.04,0.32,-0.82,37.39
2018-04-23 11:59:52 UTC,415,6.03,54.13,1.38,0.00,0.02,0.24,-0.60,30.84
2018-04-23 12:09:51 UTC,416,6.72,46.89,1.93,0.00,0.03,0.37,-0.39,23.59
2018-04-23 12:09:51 UTC,417,6.72,46.89,1.93,0.00,0.03,0.37,-0.39,23.59
2018-04-23 12:19:51 UTC,418,7.59,40.20,2.43,0.00,0.01,0.16,4.47,17.19
2018-04-23 12:29:51 UTC,419,8.07,35.93,2.86,0.00,0.05,0.68,1.47,11.67
2018-04-23 12:39:53 UTC,420,7.89,37.07,3.52,0.00,0.41,0.91,3.65,7.72
2018-04-23 12:49:50 UTC,421,8.28,35.45,3.93,0.00,0.29,0.89,4.60,5.95
2018-04-23 12:59:52 UTC,422,8.77,30.69,4.21,0.00,0.31,0.61,5.59,5.14
2018-04-23 13:09:50 UTC,423,9.71,25.07,4.48,0.00,0.42,1.09,6.78,4.33
2018-04-23 13:19:51 UTC,424,10.49,19.08,4.67,0.00,0.49,1.09,7.28,3.87
2018-04-23 13:29:51 UTC,425,11.23,12.73,4.83,0.00,0.83,1.92,9.92,3.22
2018-04-23 13:39:52 UTC,426,11.49,10.26,5.00,0.00,1.23,2.10,12.63,2.82
2018-04-23 13:49:52 UTC,427,11.80,9.35,5.18,0.00,1.26,2.51,10.33,2.85
2018-04-23 13:59:50 UTC,428,12.15,7.99,5.16,0.00,1.31,2.51,11.05,2.84
2018-04-23 14:09:51 UTC,429,12.07,8.71,4.80,0.00,1.60,2.72,11.55,2.88
2018-04-23 14:19:51 UTC,430,12.12,9.61,4.54,0.00,1.63,2.67,13.00,2.80
2018-04-23 14:29:51 UTC,431,12.35,9.72,4.88,0.00,1.48,2.90,13.56,2.82
2018-04-23 14:39:51 UTC,432,12.71,8.70,5.32,0.00,1.24,2.25,13.18,2.81
2018-04-23 14:49:50 UTC,433,13.38,7.94,4.11,0.00,1.16,1.98,14.56,2.76
2018-04-23 14:59:50 UTC,434,13.91,6.80,4.58,0.00,0.98,2.28,17.91,2.84
2018-04-23 15:09:50 UTC,435,14.21,7.02,5.55,0.00,1.16,2.21,18.22,2.81
2018-04-23 15:19:50 UTC,436,14.25,7.22,5.52,0.00,1.15,1.97,16.12,2.83
2018-04-23 15:29:52 UTC,437,14.54,6.88,5.41,0.00,1.43,2.80,17.84,2.76
2018-04-23 15:39:51 UTC,438,15.12,5.44,5.44,0.00,1.16,2.02,18.88,2.82
2018-04-23 15:49:50 UTC,439,15.31,5.02,5.34,0.00,1.29,2.87,20.79,2.81
2018-04-23 15:59:52 UTC,440,15.71,4.97,5.22,0.00,1.25,2.56,18.60,2.76
2018-04-23 16:09:51 UTC,441,15.96,3.36,5.10,0.00,1.05,1.90,36.86,2.71
2018-04-23 16:19:50 UTC,442,16.25,2.92,4.95,0.00,0.89,2.05,21.41,2.73
2018-04-23 16:29:50 UTC,443,16.52,2.15,4.79,0.00,1.00,2.23,23.87,2.71
2018-04-23 16:39:49 UTC,444,16.70,1.75,4.65,0.00,1.15,2.18,21.85,2.70
2018-04-23 16:49:52 UTC,445,16.89,2.13,4.46,0.00,1.15,2.51,5.79,2.73
2018-04-23 16:59:51 UTC,446,17.22,3.62,4.27,0.00,0.95,2.52,23.81,2.76
2018-04-23 17:09:51 UTC,447,17.12,2.40,4.10,0.00,1.21,2.41,5.94,2.67
2018-04-23 17:19:51 UTC,448,18.00,1.48,3.90,0.00,0.92,2.65,12.23,2.69
2018-04-23 17:29:50 UTC,449,17.59,3.19,3.66,0.00,1.12,2.77,24.87,2.70
2018-04-23 17:39:50 UTC,450,17.49,3.74,3.45,0.00,1.38,3.26,24.05,2.69
2018-04-23 17:49:50 UTC,451,17.48,4.03,3.21,0.00,1.41,2.57,23.76,2.73
2018-04-23 17:59:49 UTC,452,17.77,1.89,2.98,0.00,1.03,2.44,25.27,2.70
2018-04-23 18:09:48 UTC,453,17.82,1.83,2.75,0.00,1.58,2.80,34.59,2.75
2018-04-23 18:19:48 UTC,454,17.78,2.67,2.52,0.00,1.13,2.44,25.23,2.69
2018-04-23 18:29:50 UTC,455,17.99,2.28,2.29,0.00,1.31,2.75,28.46,2.71
2018-04-23 18:39:51 UTC,456,18.33,1.78,2.04,0.00,0.73,1.79,11.12,2.75
2018-04-23 18:49:50 UTC,457,19.00,1.38,1.81,0.00,1.19,3.18,21.22,2.71
2018-04-23 18:59:51 UTC,458,18.49,1.79,1.58,0.00,1.33,2.75,20.64,2.68
2018-04-23 19:09:49 UTC,459,19.12,1.25,1.36,0.00,0.57,2.02,22.97,2.68
2018-04-23 19:19:50 UTC,460,18.65,3.59,1.12,0.00,1.72,3.67,22.17,2.74
2018-04-23 19:29:50 UTC,461,18.71,2.41,0.83,0.00,1.20,3.09,3.11,2.78
2018-04-23 19:39:49 UTC,462,18.94,2.68,0.61,0.00,1.07,2.64,17.93,2.69
2018-04-23 19:49:48 UTC,463,19.28,2.28,0.55,0.00,1.29,2.51,16.56,2.72
2018-04-23 19:59:48 UTC,464,19.30,1.78,0.54,0.00,0.99,2.20,16.00,2.74
2018-04-23 20:09:49 UTC,465,19.67,1.23,1.12,0.00,0.92,2.85,15.30,2.76
2018-04-23 20:19:48 UTC,466,19.86,1.28,4.72,0.00,0.82,1.85,19.38,2.71
2018-04-23 20:29:48 UTC,467,19.40,1.67,4.59,0.00,1.40,2.72,18.10,2.71
2018-04-23 20:39:49 UTC,468,19.20,1.53,4.46,0.00,0.99,1.90,15.68,2.67
2018-04-23 20:49:49 UTC,469,19.71,1.80,4.31,0.00,0.87,1.89,13.93,2.71
2018-04-23 20:59:48 UTC,470,19.70,2.02,4.15,0.00,0.98,2.15,13.03,2.68
2018-04-23 21:09:49 UTC,471,20.37,1.26,3.98,0.00,0.20,1.27,12.26,2.69
2018-04-23 21:19:50 UTC,472,19.83,1.88,3.82,0.00,1.16,2.57,12.04,2.69
2018-04-23 21:29:48 UTC,473,19.48,2.32,3.63,0.00,1.45,2.59,13.18,2.72
2018-04-23 21:39:48 UTC,474,19.57,2.00,3.46,0.00,1.15,2.67,19.91,2.64
2018-04-23 21:49:49 UTC,475,20.00,1.68,3.30,0.00,0.60,1.76,16.97,2.71
2018-04-23 21:49:49 UTC,476,20.00,1.68,3.30,0.00,0.60,1.76,16.97,2.71
2018-04-23 21:59:50 UTC,477,20.09,1.19,3.12,0.00,0.69,1.94,16.84,2.72
2018-04-23 22:09:48 UTC,478,20.08,1.29,2.93,0.00,0.35,1.67,26.74,2.69
2018-04-23 22:09:48 UTC,479,20.08,1.29,2.93,0.00,0.35,1.67,26.74,2.69
2018-04-23 22:19:48 UTC,480,20.03,1.72,2.74,0.00,1.03,2.39,14.33,2.71
2018-04-23 22:29:49 UTC,481,20.00,1.52,2.56,0.00,0.41,1.77,-2.14,2.71
2018-04-23 22:39:48 UTC,482,20.32,1.35,2.36,0.00,0.54,1.87,19.64,2.72
2018-04-23 22:49:48 UTC,483,19.53,2.39,2.17,0.00,0.83,1.51,20.62,2.79
2018-04-23 22:59:47 UTC,484,19.77,1.26,1.98,0.00,0.62,1.67,15.00,2.75
2018-04-23 23:09:47 UTC,485,19.85,1.16,1.79,0.00,0.58,2.16,14.45,2.77
2018-04-23 23:19:47 UTC,486,20.09,1.28,1.60,0.00,0.38,1.15,13.91,2.75
2018-04-23 23:29:48 UTC,487,19.66,1.21,1.41,0.00,0.64,1.76,26.14,2.78
2018-04-23 23:39:48 UTC,488,19.43,2.08,1.23,0.00,0.75,1.63,-4.39,2.69
2018-04-23 23:49:47 UTC,489,19.39,1.67,1.05,0.00,0.61,1.33,12.49,2.69
2018-04-23 23:49:47 UTC,490,19.39,1.67,1.05,0.00,0.61,1.33,12.49,2.69
2018-04-23 23:59:47 UTC,491,19.28,1.26,0.88,0.00,0.57,1.41,11.20,2.72
2018-04-24 00:09:50 UTC,492,18.87,1.67,0.62,0.00,0.91,1.81,10.40,2.78
2018-04-24 00:19:47 UTC,493,18.48,3.38,0.55,0.00,0.80,1.38,10.76,3.47
2018-04-24 00:29:48 UTC,494,18.02,4.67,0.42,0.00,0.81,1.33,11.28,3.52
2018-04-24 00:39:47 UTC,495,17.88,3.71,0.24,0.00,0.70,1.20,8.52,3.54
2018-04-24 00:49:49 UTC,496,17.65,3.95,0.16,0.00,0.53,1.15,16.37,3.70
2018-04-24 00:59:48 UTC,497,17.16,3.66,0.07,0.00,0.34,0.71,6.97,4.34
2018-04-24 00:59:48 UTC,498,17.16,3.66,0.07,0.00,0.34,0.71,6.97,4.34
2018-04-24 01:09:48 UTC,499,16.51,6.90,0.03,0.00,0.35,0.68,6.20,4.35
2018-04-24 01:19:46 UTC,500,15.50,11.47,0.01,0.00,0.33,0.53,7.85,4.57
2018-04-24 01:29:46 UTC,501,15.01,13.86,0.00,0.00,0.27,0.50,9.28,5.07
2018-04-24 01:39:49 UTC,502,14.66,12.63,0.00,0.00,0.23,0.43,4.52,5.09
2018-04-24 01:49:47 UTC,503,15.01,8.04,0.00,0.00,0.27,0.43,5.18,5.10
2018-04-24 01:59:47 UTC,504,14.98,7.47,0.00,0.00,0.19,0.37,3.74,5.32
2018-04-24 01:59:47 UTC,505,14.98,7.47,0.00,0.00,0.19,0.37,3.74,5.32
2018-04-24 02:09:46 UTC,506,14.50,8.28,0.00,0.00,0.16,0.57,3.40,5.83
2018-04-24 02:19:46 UTC,507,13.90,10.09,0.00,0.00,0.10,0.45,3.13,5.84
2018-04-24 02:29:47 UTC,508,14.18,8.09,0.00,0.00,0.30,0.47,5.02,5.82
2018-04-24 02:39:47 UTC,509,13.33,13.78,0.00,0.00,0.12,0.32,2.62,5.81
2018-04-24 02:49:48 UTC,510,12.82,15.24,0.00,0.00,0.40,1.14,3.48,5.82
2018-04-24 02:59:48 UTC,511,12.82,16.39,0.00,0.00,0.24,0.70,5.62,5.82
2018-04-24 03:09:48 UTC,512,11.98,21.35,0.00,0.00,0.59,0.96,6.86,5.68
2018-04-24 03:20:06 UTC,513,12.51,17.33,0.00,0.00,0.34,0.63,4.58,5.52
2018-04-24 03:20:06 UTC,514,12.51,17.33,0.00,0.00,0.34,0.63,4.58,5.52
2018-04-24 03:30:05 UTC,515,12.83,14.39,0.00,0.00,0.39,0.68,2.16,5.81
2018-04-24 03:40:04 UTC,516,12.99,13.70,0.00,0.00,0.40,0.65,2.13,5.81
2018-04-24 03:50:03 UTC,517,12.34,15.52,0.00,0.00,0.24,0.42,10.33,5.82
2018-04-24 04:00:04 UTC,518,12.48,15.12,0.00,0.00,0.28,0.57,2.65,5.84
2018-04-24 04:10:05 UTC,519,12.12,16.47,0.00,0.00,0.20,0.58,3.60,5.88
2018-04-24 04:20:04 UTC,520,11.08,21.77,0.00,0.00,0.07,0.34,1.17,6.57
2018-04-24 04:20:04 UTC,521,11.08,21.77,0.00,0.00,0.07,0.34,1.17,6.57
2018-04-24 04:30:05 UTC,522,10.19,29.90,0.00,0.00,0.08,0.27,0.97,6.58
2018-04-24 04:40:04 UTC,523,10.14,27.67,0.00,0.00,0.04,0.35,2.93,6.54
2018-04-24 04:50:05 UTC,524,10.04,28.22,0.00,0.00,0.04,0.35,1.73,6.55
2018-04-24 05:00:05 UTC,525,9.46,33.72,0.00,0.00,0.05,0.26,9.05,6.54
2018-04-24 05:10:04 UTC,526,10.33,24.35,0.00,0.00,0.27,0.57,2.58,6.54
2018-04-24 05:20:04 UTC,527,11.12,19.52,0.00,0.00,0.23,0.47,4.80,6.57
2018-04-24 05:30:03 UTC,528,11.38,17.97,0.00,0.00,0.25,0.53,2.70,6.53
2018-04-24 05:40:04 UTC,529,11.44,17.47,0.00,0.00,0.19,0.45,0.59,6.54
2018-04-24 05:50:04 UTC,530,11.00,19.76,0.00,0.00,0.09,0.35,2.53,6.56
2018-04-24 06:00:03 UTC,531,10.65,21.04,0.00,0.00,0.11,0.42,0.26,6.55
2018-04-24 06:00:03 UTC,532,10.65,21.04,0.00,0.00,0.11,0.42,0.26,6.55
2018-04-24 06:10:03 UTC,533,9.92,24.46,0.00,0.00,0.04,0.26,0.14,6.54
2018-04-24 06:20:04 UTC,534,9.40,27.99,0.00,0.00,0.06,0.35,0.03,6.54
2018-04-24 06:30:04 UTC,535,9.74,26.60,0.00,0.00,0.12,0.42,-0.02,6.56
2018-04-24 06:30:04 UTC,536,9.74,26.60,0.00,0.00,0.12,0.42,-0.02,6.56
2018-04-24 06:40:04 UTC,537,9.86,24.87,0.00,0.00,0.08,0.32,-0.12,6.52
2018-04-24 06:50:03 UTC,538,9.94,24.00,0.00,0.00,0.06,0.30,-0.18,6.78
2018-04-24 07:00:05 UTC,539,9.49,27.03,0.00,0.00,0.09,0.34,-0.28,7.27
2018-04-24 07:10:04 UTC,540,9.89,24.85,0.00,0.00,0.14,0.27,-0.34,7.31
2018-04-24 07:20:03 UTC,541,9.23,28.87,0.00,0.00,0.10,0.32,-0.41,7.27
2018-04-24 07:20:03 UTC,542,9.23,28.87,0.00,0.00,0.10,0.32,-0.41,7.27
2018-04-24 07:30:03 UTC,543,9.54,27.87,0.00,0.00,0.08,0.32,-0.41,7.28
2018-04-24 07:40:03 UTC,544,9.42,28.52,0.00,0.00,0.15,0.35,-0.49,7.28
2018-04-24 07:50:04 UTC,545,9.09,31.10,0.00,0.00,0.29,0.53,-0.48,7.23
2018-04-24 08:00:03 UTC,546,10.03,25.16,0.00,0.00,0.25,0.48,-0.44,6.83
2018-04-24 08:10:03 UTC,547,10.60,23.07,0.00,0.00,0.44,0.71,-0.38,6.53
2018-04-24 08:20:03 UTC,548,10.96,21.80,0.00,0.00,0.43,0.79,-0.38,6.53
2018-04-24 08:30:04 UTC,549,10.81,22.22,0.00,0.00,0.64,0.83,-0.30,6.53
2018-04-24 08:40:03 UTC,550,10.38,23.74,0.00,0.00,0.32,0.55,-0.35,6.57
2018-04-24 08:50:03 UTC,551,9.86,26.10,0.00,0.00,0.18,0.37,-0.43,6.53
2018-04-24 09:00:03 UTC,552,9.34,28.42,0.00,0.00,0.11,0.29,-0.50,7.21
2018-04-24 09:10:02 UTC,553,8.99,30.33,0.00,0.00,0.16,0.35,-0.46,7.27
2018-04-24 09:20:04 UTC,554,7.66,42.95,0.00,0.00,0.01,0.17,-0.44,7.27
2018-04-24 09:30:03 UTC,555,7.69,47.59,0.00,0.00,0.05,0.35,-0.43,7.28
2018-04-24 09:40:03 UTC,556,7.21,50.52,0.00,0.00,0.00,0.00,-0.43,7.28
2018-04-24 09:50:02 UTC,557,6.83,62.05,0.00,0.00,0.03,0.22,-0.42,7.28
2018-04-24 10:00:04 UTC,558,7.40,52.68,0.00,0.00,0.20,0.52,-0.41,7.29
2018-04-24 10:10:03 UTC,559,7.22,51.65,0.00,0.00,0.20,0.74,-0.40,7.24
2018-04-24 10:20:03 UTC,560,6.23,73.38,0.00,0.00,0.09,0.45,-0.41,7.27
2018-04-24 10:30:02 UTC,561,6.76,66.88,0.00,0.00,0.36,1.19,-0.39,7.25
2018-04-24 10:30:02 UTC,562,6.76,66.88,0.00,0.00,0.36,1.19,-0.39,7.25
2018-04-24 10:40:03 UTC,563,7.78,49.61,0.00,0.00,0.31,0.92,-0.38,7.25
2018-04-24 10:40:03 UTC,564,7.78,49.61,0.00,0.00,0.31,0.92,-0.38,7.25
2018-04-24 10:50:02 UTC,565,6.45,66.49,0.00,0.00,0.20,0.55,-0.42,7.26
2018-04-24 11:00:03 UTC,566,5.80,75.46,0.00,0.00,0.29,0.74,-0.39,7.23
2018-04-24 11:10:03 UTC,567,6.05,70.78,0.01,0.00,0.01,0.27,-0.43,7.25
2018-04-24 11:20:03 UTC,568,5.44,82.31,0.03,0.00,0.00,0.01,-0.44,7.27
2018-04-24 11:30:03 UTC,569,5.46,85.60,0.06,0.00,0.00,0.01,-0.43,8.01
2018-04-24 11:40:02 UTC,570,6.30,68.43,0.09,0.00,0.00,0.00,-0.41,8.11
2018-04-24 11:50:03 UTC,571,6.78,58.49,0.13,0.00,0.04,0.16,-0.38,7.67
2018-04-24 12:00:01 UTC,572,6.91,56.99,0.22,0.00,0.00,0.22,-0.38,7.28
2018-04-24 12:10:03 UTC,573,7.88,46.23,0.38,0.00,0.00,0.04,-0.33,6.72
2018-04-24 12:20:03 UTC,574,9.25,33.50,0.55,0.00,0.00,0.00,-0.19,6.41
2018-04-24 12:20:03 UTC,575,9.25,33.50,0.55,0.00,0.00,0.00,-0.19,6.41
2018-04-24 12:30:03 UTC,576,10.40,30.53,0.76,0.00,0.00,0.00,0.26,5.84
2018-04-24 12:40:01 UTC,577,11.34,23.21,0.99,0.00,0.00,0.16,3.27,5.41
2018-04-24 12:50:02 UTC,578,11.05,24.84,1.24,0.00,0.04,0.26,6.24,5.03
2018-04-24 12:50:02 UTC,579,11.05,24.84,1.24,0.00,0.04,0.26,6.24,5.03
2018-04-24 13:00:04 UTC,580,11.47,25.73,1.43,0.00,0.01,0.08,4.52,4.33
2018-04-24 13:10:04 UTC,581,12.65,20.20,1.54,0.00,0.14,0.68,7.04,4.30
2018-04-24 13:20:03 UTC,582,12.12,22.57,1.72,0.00,0.57,1.17,7.76,4.09
2018-04-24 13:30:02 UTC,583,12.64,21.75,1.95,0.00,0.79,1.53,8.43,3.64
2018-04-24 13:40:01 UTC,584,12.87,22.36,1.97,0.00,1.18,1.87,9.37,3.57
2018-04-24 13:50:00 UTC,585,13.71,16.72,2.08,0.00,1.02,1.79,12.49,3.57
2018-04-24 14:00:02 UTC,586,14.11,15.53,2.15,0.00,0.90,1.64,11.44,3.54
2018-04-24 14:10:02 UTC,587,13.84,18.37,2.38,0.00,1.14,1.95,12.31,2.90
2018-04-24 14:20:03 UTC,588,13.65,18.04,2.27,0.00,0.94,1.69,12.28,3.17
2018-04-24 14:30:04 UTC,589,14.20,16.09,2.35,0.00,0.93,1.97,16.10,2.80
2018-04-24 14:40:02 UTC,590,14.27,16.94,3.38,0.00,1.42,2.64,15.60,2.85
2018-04-24 14:50:01 UTC,591,13.96,17.00,3.06,0.00,1.79,3.57,15.57,3.40
2018-04-24 15:00:02 UTC,592,13.20,17.52,2.04,0.00,1.90,3.00,13.98,4.33
2018-04-24 15:10:00 UTC,593,12.94,18.63,1.95,0.00,1.63,2.98,15.46,5.07
2018-04-24 15:20:01 UTC,594,12.96,18.08,2.30,0.00,1.62,3.03,22.92,5.72
2018-04-24 15:30:00 UTC,595,13.19,13.89,2.00,0.00,1.59,2.93,13.61,6.16
2018-04-24 15:40:01 UTC,596,13.29,12.18,2.82,0.00,1.63,2.69,14.05,6.68
2018-04-24 15:50:03 UTC,597,14.12,11.90,4.23,0.00,1.62,3.13,18.02,6.53
2018-04-24 16:00:00 UTC,598,15.11,10.27,4.78,0.00,1.49,2.67,22.33,6.75
2018-04-24 16:10:01 UTC,599,15.64,7.59,4.53,0.00,1.85,3.76,20.83,7.54
2018-04-24 16:10:01 UTC,600,15.64,7.59,4.53,0.00,1.85,3.76,20.83,7.54
2018-04-24 16:20:00 UTC,601,15.76,5.92,3.38,0.00,1.93,4.53,19.23,9.28
2018-04-24 16:30:00 UTC,602,15.83,3.63,3.30,0.00,2.30,4.99,20.26,10.17
2018-04-24 16:40:03 UTC,603,15.99,2.38,3.29,0.00,2.68,4.53,17.71,10.57
2018-04-24 16:50:01 UTC,604,15.68,1.47,2.68,0.00,3.31,5.33,16.62,11.02
2018-04-24 17:00:01 UTC,605,15.68,1.99,3.04,0.00,2.57,5.30,16.30,11.71
2018-04-24 17:10:00 UTC,606,15.64,2.29,4.42,0.00,2.68,5.33,21.21,11.74
2018-04-24 17:20:01 UTC,607,15.94,2.75,4.76,0.00,2.66,5.07,3.51,11.64
2018-04-24 17:30:01 UTC,608,15.73,3.04,4.40,0.00,2.76,5.54,11.23,12.14
2018-04-24 17:40:01 UTC,609,16.27,1.98,5.05,0.00,3.02,6.70,27.95,12.32
2018-04-24 17:50:02 UTC,610,15.62,1.96,4.09,0.00,3.04,6.20,21.50,12.58
2018-04-24 18:00:01 UTC,611,15.52,2.67,3.47,0.00,2.50,5.59,27.55,13.14
2018-04-24 18:10:00 UTC,612,15.27,3.51,2.73,0.00,2.62,4.58,18.02,13.50
2018-04-24 18:20:01 UTC,613,15.23,3.30,2.50,0.00,2.48,4.92,18.84,13.94
2018-04-24 18:29:59 UTC,614,15.46,3.18,3.05,0.00,2.07,3.50,16.96,19.21
2018-04-24 18:40:00 UTC,615,15.21,3.34,3.39,0.00,2.76,5.13,17.20,19.84
2018-04-24 18:50:02 UTC,616,15.23,3.41,3.76,0.00,2.58,4.73,18.14,19.89
2018-04-24 19:00:01 UTC,617,15.16,3.88,3.19,0.00,2.36,4.04,17.97,20.37
2018-04-24 19:10:00 UTC,618,15.32,4.17,3.54,0.00,2.27,4.45,24.28,21.12
2018-04-24 19:20:02 UTC,619,15.29,4.58,3.98,0.00,2.79,4.63,18.50,21.30
2018-04-24 19:29:59 UTC,620,15.35,3.34,4.91,0.00,2.89,5.75,20.26,21.25
2018-04-24 19:40:00 UTC,621,15.79,3.08,5.05,0.00,2.67,5.51,23.13,21.27
2018-04-24 19:49:59 UTC,622,16.17,3.20,4.43,0.00,2.34,4.55,20.41,21.80
2018-04-24 19:59:59 UTC,623,15.75,3.28,4.61,0.00,2.70,4.68,18.25,23.49
2018-04-24 20:10:00 UTC,624,15.31,3.17,3.41,0.00,2.98,5.10,17.31,24.64
2018-04-24 20:20:01 UTC,625,15.10,2.76,2.88,0.00,3.04,5.41,24.90,25.74
2018-04-24 20:30:01 UTC,626,15.46,2.98,4.03,0.00,2.82,5.04,17.11,26.05
2018-04-24 20:40:01 UTC,627,15.11,3.46,4.11,0.00,3.00,4.97,18.30,26.45
2018-04-24 20:50:00 UTC,628,14.68,4.23,2.63,0.00,2.91,4.99,14.85,27.15
2018-04-24 21:00:00 UTC,629,13.93,6.81,2.02,0.00,3.14,4.89,16.52,27.96
2018-04-24 21:09:59 UTC,630,13.22,10.35,2.93,0.00,3.37,5.66,13.67,28.89
2018-04-24 21:20:01 UTC,631,13.11,11.85,3.39,0.00,3.26,4.99,13.40,28.27
2018-04-24 21:29:58 UTC,632,12.87,11.98,2.08,0.00,2.83,5.35,13.14,29.41
2018-04-24 21:40:00 UTC,633,12.21,13.01,1.26,0.00,3.08,5.49,14.54,31.72
2018-04-24 21:50:00 UTC,634,12.24,13.93,1.35,0.00,2.09,3.58,12.92,33.09
2018-04-24 22:00:00 UTC,635,12.56,13.01,1.86,0.00,2.21,4.30,12.37,32.85
2018-04-24 22:10:01 UTC,636,13.15,13.79,2.79,0.00,2.11,3.91,13.60,31.96
2018-04-24 22:20:01 UTC,637,12.80,15.52,1.13,0.00,1.93,3.71,12.70,33.29
2018-04-24 22:29:59 UTC,638,12.40,16.90,1.40,0.00,2.13,4.32,12.11,34.59
2018-04-24 22:40:00 UTC,639,12.37,17.53,1.93,0.00,2.42,4.19,12.33,34.69
2018-04-24 22:49:58 UTC,640,12.45,17.62,1.88,0.00,1.91,3.18,14.59,34.73
2018-04-24 22:59:58 UTC,641,12.47,17.11,1.81,0.00,2.25,3.81,12.41,34.90
2018-04-24 23:10:00 UTC,642,12.66,16.40,1.80,0.00,1.91,3.37,15.35,35.44
2018-04-24 23:19:59 UTC,643,12.86,15.33,1.65,0.00,2.03,3.32,12.08,35.70
2018-04-24 23:29:59 UTC,644,12.97,12.43,1.54,0.00,2.00,4.29,11.70,36.25
2018-04-24 23:39:59 UTC,645,12.70,10.63,1.38,0.00,2.56,4.04,11.02,37.45
2018-04-24 23:49:59 UTC,646,12.57,8.61,1.21,0.00,2.45,4.51,10.28,38.75
2018-04-24 23:59:59 UTC,647,12.44,7.38,1.03,0.00,2.38,4.16,11.61,40.01
2018-04-25 00:09:59 UTC,648,12.32,6.18,0.83,0.00,2.17,4.58,10.83,41.14
2018-04-25 00:20:00 UTC,649,12.02,6.57,0.65,0.00,2.42,4.63,10.02,42.82
2018-04-25 00:30:00 UTC,650,11.92,7.73,0.49,0.00,1.97,4.50,8.34,44.47
2018-04-25 00:39:58 UTC,651,11.74,8.30,0.33,0.00,1.89,3.85,8.90,46.08
2018-04-25 00:49:58 UTC,652,11.57,8.04,0.20,0.00,2.31,3.67,8.42,47.61
2018-04-25 00:59:59 UTC,653,11.34,8.80,0.10,0.00,1.65,3.21,5.80,49.20
2018-04-25 01:09:58 UTC,654,11.01,9.12,0.05,0.00,1.36,3.44,5.29,50.87
2018-04-25 01:19:59 UTC,655,10.82,8.93,0.02,0.00,1.21,1.98,4.85,52.31
2018-04-25 01:29:58 UTC,656,10.65,9.17,0.00,0.00,1.22,2.49,4.50,53.52
2018-04-25 01:39:59 UTC,657,10.46,9.15,0.00,0.00,1.06,1.95,6.32,54.51
2018-04-25 01:39:59 UTC,658,10.46,9.15,0.00,0.00,1.06,1.95,6.32,54.51
2018-04-25 01:49:58 UTC,659,10.13,9.69,0.00,0.00,0.59,1.40,3.79,56.12
